tumor_progenitor,tumor_terminal,lcmv_progenitor,lcmv_terminal
1110038B12Rik,1300014I06Rik,0610007P08Rik,0610007P22Rik
1190002H23Rik,1500009L16Rik,0610009B22Rik,0610011L14Rik
1500012F01Rik,1700017B05Rik,0610010K14Rik,0910001L09Rik
1700019D03Rik,1700020I14Rik,0610011F06Rik,1110006O24Rik
1810034E14Rik,1810011H11Rik,0610040F04Rik,1110008P14Rik
2010016I18Rik,1810037I17Rik,1110004E09Rik,1110018G07Rik
2210013O21Rik,1810046J19Rik,1110008L16Rik,1110038F14Rik
2310001H17Rik,2010002N04Rik,1110028F11Rik,1110054O05Rik
2410004N09Rik,2010107E04Rik,1110031I02Rik,1110067D22Rik
2410006H16Rik,2010111I01Rik,1110038B12Rik,1300002E11Rik
2610019F03Rik,2310003H01Rik,1110051M20Rik,1500003O03Rik
2610035D17Rik,2310061C15Rik,1190002H23Rik,1600014C10Rik
2610301B20Rik,2610020H08Rik,1190002N15Rik,1700017B05Rik
4833420G17Rik,2810025M15Rik,1190007I07Rik,1700019G17Rik
4930417O13Rik,2900026A02Rik,1300001I01Rik,1700020I14Rik
4930444A02Rik,2900064A13Rik,1500001M20Rik,1700030C10Rik
4930473A06Rik,3300005D01Rik,1500011H22Rik,1700081L11Rik
4930523C07Rik,4632428N05Rik,1500011K16Rik,1810011H11Rik
4932425I24Rik,4930579G24Rik,1500012F01Rik,1810012P15Rik
4932438A13Rik,5830473C10Rik,1500031L02Rik,1810032O08Rik
4933426M11Rik,6230409E13Rik,1500032L24Rik,1810037I17Rik
5730403B10Rik,A430084P05Rik,1700019D03Rik,2010106G01Rik
6330403K07Rik,AA467197,1700025K23Rik,2010111I01Rik
A430078G23Rik,Aars,1700029G01Rik,2010300C02Rik
A630001G21Rik,Abcb9,1810020D17Rik,2310044G17Rik
A930005H10Rik,Abi3,1810034E14Rik,2310046O06Rik
AB124611,Abr,1810055G02Rik,2310061C15Rik
Abca3,Acadl,2010204K13Rik,2410002O22Rik
Abl2,Acot7,2010305A19Rik,2410004P03Rik
Ablim1,Acoxl,2210013O21Rik,2410016O06Rik
Acsf3,Acsl4,2210016F16Rik,2410066E13Rik
Acss1,Actb,2310001H17Rik,2510006D16Rik
Actn1,Actg1,2310015A10Rik,2610001J05Rik
Adk,Actr10,2410002F23Rik,2610018G03Rik
Aff3,Actr1b,2510003E04Rik,2610020C07Rik
Akap8l,Actr3,2610002D18Rik,2610020H08Rik
Amica1,Adam8,2610002M06Rik,2610039C10Rik
Amz2,Adamts14,2610019F03Rik,2810008M24Rik
Anapc16,Adap1,2610027L16Rik,2810013P06Rik
Angptl2,Adora3,2610029G23Rik,2810025M15Rik
Ankrd10,Adrb1,2610318N02Rik,2810453I06Rik
Ankrd12,Adssl1,2700060E02Rik,2900026A02Rik
Ankrd23,Aes,2810417H13Rik,2900064A13Rik
Ankrd46,Agpat4,2810422J05Rik,3110002H16Rik
Anp32a,Aim1,3110043O21Rik,3110003A17Rik
Antxr2,Akt1,3110082I17Rik,4930478L05Rik
Apbb1ip,Alad,4632434I11Rik,4930503L19Rik
Aqp3,Aldoa,4732471D19Rik,4930515G01Rik
Ar,Aldoart1,4930414L22Rik,4931406H21Rik
Arap2,Anubl1,4930420K17Rik,4932438A13Rik
Arc,Anxa1,4930422G04Rik,4933424G06Rik
Arhgap15,Anxa2,4930473A06Rik,5031414D18Rik
Arhgap25,Anxa4,4930486L24Rik,5133401N09Rik
Arhgap26,Anxa6,4930503E24Rik,5430405H02Rik
Arhgap31,Aoah,4930547N16Rik,5830473C10Rik
Arhgap5,Apaf1,4930550C14Rik,6230409E13Rik
Arhgef18,Apbb1,4930583H14Rik,6330409N04Rik
Arhgef3,Aplp2,4933403F05Rik,6330512M04Rik
Arhgef4,Apobr,4933404O12Rik,8430410A17Rik
Arl4d,Arf1,4933424B01Rik,8430427H17Rik
Arl5c,Arf5,5430417L22Rik,9030624J02Rik
Armcx2,Arhgap18,5430427O19Rik,9130206I24Rik
Art3,Arhgdia,5730416F02Rik,9330133O14Rik
As3mt,Arl6ip1,5730455P16Rik,9430020K01Rik
Asap1,Armc7,5730469M10Rik,9930012K11Rik
Ascc1,Arnt2,5830415F09Rik,9930104L06Rik
Atg7,Arpc2,5830418K08Rik,A330023F24Rik
Atp10d,Arpc4,6330403K07Rik,A430035B10Rik
Atp1a1,Arpp19,9030617O03Rik,A430088P11Rik
Atp2a3,Arsb,9130230L23Rik,A430090L17Rik
B3gnt2,Asb2,9230110C19Rik,A630007B06Rik
B3gnt5,Asf1b,9430008C03Rik,A830007P12Rik
Bach2,Atad5,9430015G10Rik,A830080D01Rik
Bag2,Atf6,9830147E19Rik,A930001N09Rik
BC016495,Atg3,A630001G21Rik,AA467197
BC031353,Atp2b4,A630055G03Rik,Abca7
BC048355,Atp5j,A730011L01Rik,Abcb10
Bckdha,Atp6v0a2,A930005H10Rik,Abcb1a
Bcl2,Atp6v0e,A930024E05Rik,Abcb9
Bcl6,Atp6v1e1,Aacs,Abcg3
Bmyc,Atp8b4,Aars2,Abi3
Bnip3l,Atxn1,AB124611,Abr
Btaf1,Atxn10,Abca1,Abtb1
Btbd11,Auh,Abca3,Acadl
Btg2,AW112010,Abcb1b,Acap1
Btla,Azi2,Abcc1,Acap2
Bzw2,B230312A22Rik,Abce1,Accs
C130039O16Rik,Baiap3,Abhd14a,Aco1
Cables1,Banf1,Abhd4,Acot8
Calcoco1,Bard1,Abhd8,Acoxl
Camk2d,Bax,Abi2,Acpl2
Car2,BC002163,Abi3bp,Acsbg1
Card6,BC004004,Ablim1,Actn2
Casp4,BC013712,Acaa1b,Actr10
Cbr1,Bcl2a1b,Acad11,Actr1b
Cbx7,Bcl2l11,Acadm,Actr3
Ccdc117,Bcmo1,Acer2,Adam19
Ccdc125,Bcr,Acss1,Adam8
Ccdc141,Birc2,Actn1,Adamts14
Ccdc157,Birc5,Acvr1,Adap1
Ccdc28a,Bmp2k,Adamts6,Adcy3
Ccdc28b,Bnip2,Adar,Adcy7
Ccdc64,Bnip3,Adck4,Adipor1
Ccr6,Bscl2,Add3,Adora2a
Ccr7,Bspry,Adh5,Adrb1
Cd160,Btbd10,Adk,Adrbk1
Cd200,Btbd19,Adora3,Adrbk2
Cd22,Bub3,Adpgk,AF251705
Cd28,C1qtnf6,Adprh,Afmid
Cd40lg,Calca,Adsl,Afp
Cd44,Calm1,Adss,Agfg1
Cd68,Calm3,Afap1,Agfg2
Cd69,Calr,Aff3,Agpat3
Cd72,Calu,Agpat5,Agpat9
Cd81,Camk2n1,Ahcy,Agps
Cd82,Capg,Ahcyl2,Agrn
Cd83,Capn2,Aicda,Ahr
Cd84,Capn5,Aim1l,AI504432
Cd9,Capza2,Aimp1,AI848100
Cdk2ap2,Capzb,Aimp2,Akap10
Cecr5,Casp3,Aipl1,Akap12
Celf1,Casp7,Akap1,Akna
Celsr1,Casp8,Akap2,Alkbh1
Chd3,Ccl3,Akap6,Alkbh4
Chka,Ccl4,Akr7a5,Alox5ap
Clec2d,Ccl5,Alas1,Alyref2
Clec2i,Ccl9,Alcam,Amhr2
Clk1,Ccna2,Aldh4a1,Ank
Cmah,Ccnd3,Alg3,Ankmy2
Cmpk2,Ccng1,Alg8,Ankrd11
Cnot6l,Ccr1,Amacr,Ankrd12
Cnrip1,Ccr5,Amotl1,Ankrd44
Colq,Ccrl2,Ampd2,Ankrd50
Cox7a2l,Cct7,Amz2,Anks1b
Cpm,Cd101,Anapc16,Anubl1
Cpne3,Cd14,Angptl2,Ap1g1
Crtam,Cd164,Ankle1,Ap2b1
Crtc3,Cd200r1,Ankrd13d,Apaf1
Ctdsp2,Cd200r2,Ankrd37,Apba3
Ctsl,Cd200r4,Ankrd46,Apbb1
Ctss,Cd244,Ano10,Apex2
Ctsw,Cd38,Anp32b,Aplp1
Ctsz,Cd3g,Anp32e,Aplp2
Cux1,Cd47,Anxa2,Apobr
Cxcl10,Cd48,Anxa6,Apol10b
Cxcr3,Cd55,Ap1g2,Apol7e
Cxcr4,Cd80,Ap1m1,Appl2
Cxcr5,Cd86,Ap1s1,Arap3
Cxxc5,Cdc37,Apex1,Arfgap3
Cyr61,Cdc42,Apitd1,Arhgap10
Cyth1,Cdc45,Apobec2,Arhgap17
D18Ertd653e,Cdh17,App,Arhgap18
D4Wsu53e,Cdk1,Aqp3,Arhgap30
D930015E06Rik,Cdk14,Ar,Arhgap9
Dap3,Cdk6,Arap2,Arhgef6
Dapl1,Cdkn1a,Arc,Arid3a
Dcaf8,Cdkn2a,Arfip2,Arid3b
Dclk1,Cdkn2b,Arhgap19,Arid5b
Dcun1d4,Cdkn3,Arhgap21,Arih1
Ddx24,Cenpa,Arhgap22,Arih2
Decr1,Cenpe,Arhgap26,Arl15
Degs2,Cep57,Arhgap28,Arl5a
Dennd1c,Chchd10,Arhgap5,Arl6ip1
Dgka,Chl1,Arhgdib,Armc1
Dguok,Chmp5,Arhgef10,Armc5
Dhrs3,Chn2,Arhgef26,Armc7
Dnajb2,Chst12,Arhgef3,Arpc1b
Dnase1l3,Chsy1,Arhgef9,Arrb1
Dnmbp,Ciapin1,Arid5a,Arrdc3
Dpp4,Cisd1,Arl4d,Arsb
Dpy19l3,Cish,Arl5c,Asap2
Dse,Ckap5,Arl6ip6,Asb1
Dtx1,Cks1b,Armc10,Asb2
Dtx3,Clgn,Armc9,Asprv1
Dusp1,Clic1,Armcx2,Atad2
Dusp4,Clic4,Arpc5l,Atf3
Dzip1,Clta,Arrdc1,Atf6
E130308A19Rik,Cmpk1,Arrdc4,Atg13
Eef1a1,Cmtm7,Art3,Atg16l1
Eef1b2,Commd3,Arxes2,Atg3
Eef2,Copb1,Asap1,Atg4d
Egr2,Cops4,Ascc1,Atg5
Ehd3,Coro2a,Asf1a,Atg9b
Eif3f,Cox17,Ash2l,Atmin
Eif4enif1,Cox5a,Asns,Atp2b4
Elk4,Creld2,Asnsd1,Atp2c1
Elovl6,Crem,Aspm,Atp6v0a2
Emb,Crot,Atad3a,Atp6v0b
Enpp2,Csf1,Atg16l2,Atp6v0d1
Ephx1,Csnk2b,Atic,Atp6v0e
Erlin1,Ctnna1,Atl3,Atp6v1e1
Etv6,Ctnnd2,Atm,Atp6v1f
Evl,Ctsb,Atp10a,Atp6v1g1
F2rl1,Ctsc,Atp1a1,Atp8a2
Fam109a,Ctsd,Atp1b3,Atp8b2
Fam116b,Cxcr6,Atp2b2,Atrn
Fam117a,Cyb5b,Atp5a1,Atxn1
Fam149b,Cyba,Atp5b,AU022252
Fam160a1,Cyfip1,Atp5d,Aup1
Fam162a,Cysltr2,Atp6v1g2,AW011738
Fam169b,D16Ertd472e,Atp8b3,AW112010
Fam178b,D430020J02Rik,Atpbd4,AW555464
Fam179b,D430041D05Rik,Atrnl1,Azi2
Fam189b,D630039A03Rik,Aurkb,Azin1
Fam26f,Dab2ip,Axl,B130006D01Rik
Fam46a,Dapk2,AY358078,B230120H23Rik
Fam46c,Dctn3,B3gnt1,B3galt5
Fam53b,Ddost,B3gnt2,B3gntl1
Fam65b,Ddx39,B3gnt3,Bach1
Fam78a,Ddx58,B3gnt5,Baiap2
Fam81a,Def6,B4galnt1,Baiap3
Fam82b,Degs1,B9d2,BB557941
Fam84a,Dennd1b,Bace2,BC004004
Fas,Dennd3,Bach2,BC013712
Fbxo32,Dennd4a,Bad,BC031181
Fgf13,Derl2,Bag2,BC032203
Fgfbp3,Dgat1,Bambi,BC068157
Fgfr1op,Dhrs7,Banf1,Bcl11b
Filip1l,Dlat,Batf,Bcl2a1b
Folr4,Dlg2,Batf3,Bcl2a1d
Fos,Dlgap5,Bbs2,Bcl2l1
Fosb,Dnajb11,BC016495,Bcl2l11
Foxo1,Dnajb4,BC017612,Bhlhe41
Foxp1,Dnmt1,BC018242,Bin1
Foxp4,Dock10,BC021614,Bnip2
Frat1,Dok2,BC023829,Brca2
Frrs1,Dpy30,BC026585,Bscl2
Fryl,Dpysl2,BC026590,Bspry
Fyb,Dsc2,BC029722,Btbd11
Fyn,Dusp14,BC048355,Btbd19
Galm,Dut,BC056474,Btbd8
Galnt14,Dync1i2,Bcap29,Btd
Galnt9,Dync1li2,Bcat1,Btnl5
Gas5,Dynlrb1,Bckdk,C1qtnf6
Gatsl3,E2f7,Bcl2l14,C230081A13Rik
Gdap10,Ebp,Bcl2l2,C330019G07Rik
Gdi2,Ech1,Bcl6,C630004H02Rik
Gimap3,Edaradd,Bclaf1,C87436
Gimap5,Edem1,Bdh1,Cab39
Gltscr2,Eef2k,Bend4,Cables1
Gm11110,Efhd2,Bend5,Calhm2
Gm11346,Ehd1,Birc3,Camk2n1
Gm15800,Ehd4,Birc5,Camsap1
Gm3258,Eif2ak3,Blvrb,Capn2
Gm4759,Eif4e3,Blzf1,Capzb
Gna13,Elmo2,Bmp7,Car2
Gpm6b,Elovl1,Bmyc,Carns1
Gpr146,Emp3,Bpgm,Casp7
Gpr18,Endod1,Bphl,Casp8ap2
Gpr183,Enpp4,Brd8,Cbll1
Gprin3,Enpp5,Bre,Cbwd1
Gramd1b,Entpd1,Bri3bp,Ccdc136
Gramd3,Epas1,Bst2,Ccdc25
Gramd4,Epdr1,Btla,Ccdc82
Grap,Ept1,Bzw2,Ccl3
Gtf2i,Ero1l,C130039O16Rik,Ccl4
Gucy1a3,Erp44,C1qbp,Ccl5
Gypc,Esyt1,C3ar1,Ccl6
Gzf1,Etfb,C8g,Ccl9
Gzmm,Exoc3l,Cacna1a,Ccnd2
H2-K2,F2r,Cacna1d,Ccnd3
H2-Oa,F2rl2,Cacna1s,Ccndbp1
H60b,Fah,Cad,Ccng1
Haao,Fam102a,Camk2d,Ccng2
Hbp1,Fam20a,Camsap2,Ccni
Hdac10,Fam3c,Capg,Ccr3
Hdgfrp3,Fam64a,Capn3,Ccr5
Hectd2,Fam83d,Capsl,Ccrl2
Heg1,Fam96b,Capza2,Cd101
Hemgn,Fasl,Casp4,Cd14
Hgsnat,Fbxw11,Cbr1,Cd151
Hif1a,Fcer1g,Cbr4,Cd160
Hivep2,Fcrl6,Cbx7,Cd164
Hlcs,Fdx1,Cby1,Cd2
Hmg20a,Fen1,Cc2d1b,Cd200r1
Hmgn1,Fgl2,Ccdc107,Cd200r2
Hmox2,Fhl2,Ccdc109a,Cd200r4
Hopx,Filip1,Ccdc116,Cd226
Hsdl2,Fkbp2,Ccdc122,Cd244
Hvcn1,Fli1,Ccdc123,Cd24a
Icam2,Fndc3a,Ccdc126,Cd300a
Id3,Foxred2,Ccdc148,Cd37
Idh2,Frmd4a,Ccdc157,Cd38
Ifit3,Fuca2,Ccdc28b,Cd3e
Ifnar1,Fut7,Ccdc40,Cd3g
Ifnar2,Fxyd5,Ccdc41,Cd48
Ift140,Fyco1,Ccdc50,Cd6
Ift80,Fzr1,Ccdc64,Cd7
Igsf3,Gars,Ccdc80,Cd82
Ikbke,Gbe1,Ccdc91,Cd8a
Il16,Gbp3,Ccdc92,Cd96
Il17ra,Gbp4,Ccdc99,Cd97
Il18,Gbp7,Ccna2,Cdc14a
Il18r1,Gcnt1,Ccnb1,Cdc42ep3
Il1rl1,Gem,Ccnb2,Cdh1
Il6st,Gfpt1,Ccnf,Cdh17
Il7r,Gipc2,Ccr4,Cdipt
Immp2l,Gldc,Ccr6,Cdk14
Inpp4a,Glipr1,Ccr7,Cdk17
Inpp4b,Glis1,Cct3,Cdk6
Insr,Glmn,Cct4,Cdk9
Ip6k1,Glp1r,Cct5,Cdkal1
Ipcef1,Glrx,Cct6a,Cdkn2c
Irf2bp2,Glt25d1,Cct7,Cds2
Irf7,Gltp,Cct8,Ceacam16
Irf9,Gm10345,Cd200,Cecr5
Irgm1,Gm14446,Cd22,Cela1
Isoc2b,Gm5506,Cd28,Cenpo
Ispd,Gm6682,Cd2ap,Cep152
Itgax,Gm9199,Cd320,Cep250
Itgb1,Gm962,Cd3eap,Cep57
Itgb7,Gmppb,Cd40lg,Cetn2
Itm2a,Gnai2,Cd44,Cflar
Itpkb,Gnb1,Cd68,Cfp
Itpr2,Gnb4,Cd72,Chad
Jak2,Gng10,Cd81,Chic2
Jazf1,Gng11,Cd83,Chit1
Jtb,Gng2,Cd9,Chmp6
Jub,Gnptab,Cdc16,Chn2
Jun,Got1,Cdc20,Chpf2
Kbtbd11,Gp49a,Cdc25a,Chst11
Kcnmb1,Gpaa1,Cdc25b,Chst12
Kcnn4,Gpd2,Cdc45,Chst2
Kcnq1ot1,Gpr171,Cdc6,Chsy1
Kdm5b,Gpr35,Cdc7,Ciapin1
Kdm6b,Gpr56,Cdca3,Cish
Kdsr,Gpr65,Cdca5,Ckb
Kif1b,Gpr97,Cdca7,Clp1
Kif3b,Gpsm2,Cdca8,Clptm1
Kit,Gsg2,Cdk2ap1,Clspn
Klf2,Gsr,Cdk2ap2,Clta
Klf3,Gtdc1,Cdk4,Cltc
Klf4,Gtse1,Cdk7,Cmklr1
Klhdc5,Gzma,Cdkn2d,Cmpk1
Klhl24,Gzmb,Cdkn3,Cmtm3
Klhl6,Gzmc,Cdon,Cmtm7
Klrk1,Gzmd,Cdr2,Cnot8
L3mbtl3,Gzme,Cdv3,Cobra1
Lad1,Gzmf,Celf1,Coch
Lamp1,Gzmg,Celsr1,Col23a1
Lax1,H1f0,Cenpa,Commd8
Ldlrap1,H3f3b,Cenpe,Copb1
Lef1,Havcr2,Cenpm,Coro2a
Leng9,Hccs,Cenpt,Cox8a
Lif,Hilpda,Cep164,Cpeb2
Limd2,Hint1,Cep290,Cpped1
Lphn1,Hist1h1b,Ces2c,Cpt1a
Lpp,Hist1h1c,Chaf1a,Crat
Lrig1,Hist1h1e,Chd3,Crbn
Lrrc8a,Hist1h2ae,Chek1,Creb1
Lrrc8d,Hist1h4d,Chka,Creld2
Lrrk2,Hk1,Chrm4,Crim1
Lsr,Hmbs,Cisd1,Cript
Lta,Hmmr,Cks1b,Crlf2
Ltb,Hsd11b1,Cks2,Crot
Ly6e,Hsp90b1,Cldn10,Csf1
Ly9,Hspa5,Cldn25,Csk
Lysmd2,Htra3,Clec12a,Csnk1d
Macf1,Ica1,Clec2i,Csnk1e
Madd,Icam1,Clic4,Csrnp2
Maml2,Id2,Clns1a,Cstad
Man2a2,Idh3a,Clpb,Cstf2t
Map3k8,Ifng,Clstn1,Ctnnbip1
Map4k4,Ifngr1,Clybl,Ctnnd2
Mapk11,Igsf5,Cmah,Ctns
Marcksl1,Il10,Cmpk2,Ctsa
Mavs,Il12rb1,Cnih3,Ctsc
Max,Il12rb2,Cnot6l,Ctsd
Mbp,Il1r2,Cnpy2,Ctsh
Mcoln2,Il21r,Cnrip1,Cuedc1
Mdn1,Il2ra,Coil,Cuta
Mettl8,Il2rb,Commd3,Cx3cr1
Mgat5,Impdh1,Comtd1,Cxcr6
Mgrn1,Incenp,Coro1a,Cyba
Mgst2,Insrr,Coro7,Cybasc3
Mir682,Irf8,Cotl1,Cyfip2
Mkl2,Isg20,Cox4nb,Cysltr2
Mll2,Itga1,Cox7a2l,Cyth4
Mllt3,Itga3,Cpm,Cytip
Mrpl9,Itgam,Cpne3,D16Ertd472e
Mrps6,Itgav,Cpsf3,D1Ertd622e
Ms4a4c,Itgb2,Crb2,D4Wsu53e
Ms4a6b,Itih5,Crip2,D630039A03Rik
Msi2,Itm2b,Crlf3,D730040F13Rik
Mtap7,Itpripl1,Crtam,D8Ertd82e
Mtmr7,Jam2,Crtc1,D930048N14Rik
Mtss1,Kdelr2,Cry1,Dad1
Myb,Khnyn,Cs,Daglb
Mycbp2,Kif11,Csda,Dand5
Myo9a,Kif20a,Csrp2bp,Dapk2
N4bp2l1,Kif22,Cstf1,Dazap2
Napb,Klc1,Ctla2a,Dcaf7
Ndufa6,Klhl25,Ctla2b,Dclk2
Nek7,Klhl30,Ctnnal1,Dctn1
Nfat5,Krtcap2,Ctps,Dcun1d3
Nfatc2,Lamb3,Ctss,Ddit3
Nfatc3,Lamc1,Ctsz,Ddrgk1
Nfia,Lamc2,Cttn,Ddx20
Nfkb1,Lasp1,Cux1,Ddx28
Nhedc2,Lass2,Cwc15,Dedd2
Ninj1,Lass6,Cxcl10,Def6
Nipbl,Lat2,Cxcl11,Dennd1b
Nisch,Lbr,Cxcr4,Dennd4a
Nlrc5,Lcp1,Cxcr5,Dennd5a
Nop10,Ldha,Cxxc5,Dgat1
Nptn,Ldlr,D030028A08Rik,Dgkd
Nr4a1,Leprotl1,D10Bwg1379e,Dhrs7b
Nrn1,Lfng,D17H6S56E-3,Diap1
Nsf,Lgals1,D17Wsu104e,Dnajb1
Nsg2,Lgals3,D18Ertd653e,Dnajb11
Nt5e,Lgals3bp,D19Bwg1357e,Dnajb4
Nudt14,Lgi2,D230037D09Rik,Dnmt1
Oaf,Lilrb4,D2Ertd750e,Dnmt3b
Oas3,Lime1,D630037F22Rik,Dock10
Ogt,Lims1,D6Wsu163e,Dock5
Orai2,Lipa,D830031N03Rik,Dok1
Otx1,Litaf,D930016D06Rik,Dok2
Oxr1,Lman2,Daam1,Dok4
P2rx4,Lmnb1,Dap,Donson
P2rx7,Lrrc58,Dap3,Dopey2
P2ry10,Lrrc59,Dapl1,Dpep2
Pabpc1,Lrrc8c,Dars,Dpy19l4
Pacsin1,Lrrfip2,Daxx,Dpysl2
Paip2,Lrrk1,Dbi,Dtx1
Paip2b,Lrrn4,Dclk1,Dus2l
Pan3,Lss,Dctd,Dusp10
Parg,Ltb4r1,Ddb1,Dusp2
Parp3,Ltf,Ddit4,Dusp5
Parp8,Lxn,Ddx27,Dusp6
Patz1,Ly6a,Ddx39b,Dusp7
Pbxip1,Ly6g5b,Ddx3x,Dync1li1
Pcgf5,Lyn,Ddx49,Dync1li2
Pdcd4,Lyst,Ddx60,Dynll2
Pde2a,M6pr,Decr1,Dynlrb1
Pdlim1,Man2b1,Degs2,E130309D02Rik
Pdrg1,Manf,Dennd1a,E230016K23Rik
Pecam1,Map2k3,Dennd2d,Eaf1
Pgcp,Mapk6,Dera,Ebp
Phc2,Mapkapk3,Derl3,Ech1
Phf21a,Mapre2,Dgcr6,Edaradd
Pik3ip1,Mdh2,Dgka,Edem1
Pik3r2,Mdm2,Dguok,Efcab4b
Pik3r5,Med30,Dhcr24,Efhd2
Pim2,Med7,Dhdh,Efr3a
Pisd,Mef2a,Dhfr,Ehbp1l1
Pisd-ps1,Mgat2,Dhh,Ehd1
Pitpnm1,Mgat3,Dhodh,Eid3
Pja1,Mical2,Dhrs3,Eif1
Pla2g4f,Mki67,Dhx58,Eif1ad
Plcxd2,Mlkl,Dirc2,Eif2ak3
Pld4,Mreg,Dkc1,Eif2c3
Plin3,Mrgpre,Dkk3,Eif2c4
Plxdc2,Mt1,Dlg4,Eif4e3
Plxnc1,Mt2,Dlgap5,Elac1
Pml,Mt3,Dmd,Elmo2
Pms1,Mta3,Dmrta1,Emid1
Polg2,Mtap6,Dmwd,Emilin2
Polr3e,Mtpn,Dnahc8,Eml1
Pou2f2,Mxd1,Dnaja3,Enpp4
Pou6f1,Mxi1,Dnajb2,Enpp5
Ppic,Myadm,Dnajb3,Enpp6
Ppp1cb,Myl12a,Dnajc10,Ensa
Ppp1r15a,Myo10,Dnajc11,Entpd1
Prkab2,Myo1f,Dnajc16,Epb4.1
Prkca,Myo1g,Dnajc27,Epcam
Prkcq,Naa38,Dnalc1,Epdr1
Prnp,Nans,Dnase1l3,Ephb6
Prrc2c,Napsa,Dohh,Epsti1
Prss2,Nbeal2,Dot1l,Erbb3
Psen2,Ncapg,Dph1,Esyt1
Psmg1,Ncf1,Dph5,Etv5
Pter,Ncf4,Dpp3,Evi2b
Ptpn1,Ncor2,Dpp4,Evi5l
Ptpn11,Ndfip2,Dpy19l3,Exoc2
Ptpn13,Ndrg1,Dpy30,Exoc5
Pts,Ndufb7,Dpysl5,Exoc7
Pydc4,Ndufb8,Dscam,Exog
Rab37,Ndufb9,Dscr3,Extl3
Rab3ip,Neb,Dse,Eya3
Raf1,Nedd4,Dsp,F2r
Ramp3,Nedd9,Dtl,F2rl2
Rap2b,Neil2,Dtwd1,F630043A04Rik
Rasa3,Nek6,Dus4l,F730043M19Rik
Rasgef1a,Nfil3,Dusp1,Fads1
Rasgef1b,Nipsnap3b,Dusp14,Faf1
Rasgrp2,Nkg7,Dusp4,Faim
Rassf2,Nomo1,Dync2li1,Fam102a
Rassf5,Npc2,Dynll1,Fam102b
Rcl1,Npnt,Dyx1c1,Fam120b
Rcor1,Nqo2,Dzip1,Fam122a
Reck,Nr4a2,E130215H24Rik,Fam126a
Rel,Nucb1,E130308A19Rik,Fam129a
Repin1,Nuf2,E230016M11Rik,Fam160a2
Rere,Obfc2a,E2f1,Fam171b
Rgs10,Ociad2,E2f8,Fam173b
Ripk2,Oit3,E430018J23Rik,Fam185a
Rn45s,Optn,Ears2,Fam188a
Rnf138,Osbpl3,Ebna1bp2,Fam189b
Rnf157,Osgin1,Ecd,Fam193b
Rnf19a,Osr2,Echs1,Fam19a3
Rnf19b,P2ry14,Eea1,Fam32a
Rnf43,P4ha1,Eed,Fam35a
Rora,P4hb,Eef1a1,Fam54b
Rpl22,Pacsin2,Eef1b2,Fam71b
Rpl4,Padi2,Eef1g,Fam78b
Rpl8,Pafah1b2,Eef2,Fam82a1
Rplp0,Pak4,Efemp2,Fam83g
Rplp1,Pcmt1,Efnb2,Fancb
Rps20,Pcyt1a,Egfl7,Fasl
Rps3,Pdcd1,Egln3,Fbxl12
Rps9,Pdcd6ip,Egr2,Fbxl14
Rtp4,Pde4a,Ehd3,Fbxl19
S1pr1,Pdgfb,Eif2a,Fbxo25
S1pr5,Pdia3,Eif2b1,Fbxo30
Samd3,Pdia4,Eif2s1,Fbxo42
Satb1,Pdia6,Eif3a,Fbxo6
Scml4,Peli1,Eif3d,Fbxo8
Sell,Penk,Eif3f,Fbxo9
Sema4c,Pfkp,Eif3h,Fbxw17
Sema4f,Pfn1,Eif3i,Fbxw2
Sept6,Pggt1b,Eif3k,Fbxw4
Sesn3,Pgls,Eif3l,Fcer1g
Setd2,Pglyrp1,Eif4b,Fcgr3
Sft2d2,Pglyrp2,Eif4e,Fchsd1
Sfxn3,Pgrmc1,Eif5a,Fez2
Sgms1,Phlda3,Elk4,Fgd2
Sgsh,Pik3ap1,Elmo1,Fgl2
Sh2b3,Pik3cg,Elovl6,Fgr
Sh2d1a,Pim3,Emb,Fhl2
Sh3bp5,Pkm2,Emd,Filip1
Shisa5,Pla2g16,Eme1,Fkbp10
Sidt1,Plac8,Eml4,Fli1
Sidt2,Pldn,Eml6,Flt3
Sigirr,Plek,Endou,Flywch1
Sirt5,Plekha1,Eno2,Fnbp1
Skap1,Plekhf1,Enox,Foxj3
Skp1a,Plekho2,Enpp2,Foxn3
Sla,Plin2,Eppk1,Foxo3
Slamf6,Plk3,Eprs,Frmd4b
Slc14a1,Plxnd1,Erc1,Fscn2
Slc15a1,Pmaip1,Eri3,Fxc1
Slc1a2,Podnl1,Erich1,Fyco1
Slc25a42,Pofut2,Ermn,Fyn
Slc26a11,Polh,Espn,Gabarapl1
Slc29a3,Por,Esr1,Gabarapl2
Slc2a6,Ppp1ca,Etnk1,Galns
Slc35f2,Ppp1r11,Etv6,Galnt10
Slc37a1,Ppp1r18,Evi2a,Galnt2
Slc39a11,Ppp1r3b,Evl,Galnt6
Slc41a1,Ppp2r2c,Exd1,Gba
Slc5a3,Pqlc3,Exosc2,Gbp4
Slc6a6,Prc1,Exosc7,Gbp7
Slc9a9,Prdm1,Exph5,Gbp8
Slfn1,Prdx5,Extl1,Gcap14
Slfn2,Prelid1,Extl2,Gcc1
Slfn5,Prf1,Ezh2,Gcnt1
Smad3,Prim2,Ezr,Gcnt2
Smyd1,Prkar1a,F11r,Gem
Snhg8,Prkch,F830016B08Rik,Gfi1
Sntb1,Prph,Faah,Gga1
Snx30,Prr5l,Fahd2a,Ggta1
Socs3,Psd4,Fam109a,Gimap1
Sostdc1,Psen1,Fam129b,Gimap4
Sp100,Psma1,Fam132b,Gimap5
Sp110,Psmb2,Fam136a,Gimap7
Spnb2,Psmb6,Fam160a1,Gimap8
Spock2,Psmb8,Fam162a,Glcci1
Spry1,Psmc3,Fam168a,Glipr1
Spry2,Psmd1,Fam174b,Glmn
Srfbp1,Pstpip1,Fam190a,Glp1r
Srpk2,Ptgr1,Fam195a,Glrx
Srrm2,Ptk2b,Fam38a,Gm10389
Ssbp2,Ptp4a3,Fam43a,Gm11435
Ssh1,Ptpn12,Fam46c,Gm11648
Ssh2,Ptpn2,Fam53a,Gm11992
Sspo,Ptpn5,Fam63a,Gm12216
St3gal1,Ptpre,Fam81a,Gm12253
St6gal1,Rab1,Fam82b,Gm14005
St6galnac3,Rab11a,Fam84a,Gm14446
St8sia1,Rab27a,Fam86,Gm16702
St8sia4,Rab7l1,Fars2,Gm16907
Stat4,Rab8b,Farsa,Gm17455
Stat5b,Rac1,Farsb,Gm19897
Stim2,Rac2,Fas,Gm20257
Synj2,Rad51,Fasn,Gm4759
Synpo,Rasd2,Fastkd2,Gm4956
Tagap,Rasl12,Fbxl22,Gm5141
Tbc1d1,Rassf1,Fbxo17,Gm5547
Tbc1d10a,Rassf6,Fbxw5,Gm6682
Tbc1d14,Rbl2,Fcgbp,Gm9199
Tbc1d4,Rbms1,Fchsd2,Gm962
Tbl1x,Rbpj,Fcrl1,Gmcl1
Tbxa2r,Rcn1,Fgfr1op,Gnb1
Tcf7,Reep4,Fhit,Gnb4
Tcp11l2,Reep5,Filip1l,Gng2
Tert,Rer1,Fkbp2,Gngt2
Tespa1,Rfc2,Flna,Gnptg
Tet3,Rgs1,Flot1,Gns
Tgif1,Rgs16,Folr4,Golga2
Tgtp1,Rgs3,Fos,Gorab
Tgtp2,Rgs8,Fosb,Got1
Tha1,Rhbdf2,Foxj2,Gp49a
Thada,Rheb,Foxo1,Gpd2
Thap3,Rhof,Fpgs,Gpld1
Tiam1,Riok1,Frmd8,Gpr137b-ps
Tle3,Ripply3,Frrs1,Gpr171
Tlk1,Rnaseh2c,Fscn1,Gpr55
Tlr1,Rnasek,Fsd2,Gpr56
Tmem121,Rpa2,Ftl1,Gpr62
Tmem161a,Rpn1,Ftsjd1,Gpr65
Tmem231,Rps27l,Fut7,Gpr97
Tnfaip8l2,Rps6ka1,Fyb,Gprc5c
Tnfrsf13b,Rps6ka4,G3bp1,Gramd1a
Tnfrsf25,Rrbp1,G6pd2,Grap2
Tnfrsf26,Rrm1,G6pdx,Gse1
Tnfsf11,Rrm2,Gadd45g,Gsg2
Tnfsf14,Runx2,Gadd45gip1,Gsk3b
Tnfsf4,S100a11,Galk1,Gstt1
Tnfsf8,S100a13,Galnt14,Gtf2i
Tnip1,S100a4,Galnt9,Gzma
Tnp2,S100a6,Gapdhs,Gzmb
Tnrc6b,Sacm1l,Gars,Gzmk
Tnrc6c,Samd9l,Gart,H2-D1
Tob1,Samsn1,Gas5,H2-DMb1
Tob2,Scarb2,Gas7,H2-Eb1
Top2b,Sdcbp,Gatsl3,H2-M3
Tox2,Sdcbp2,Gcat,H2afj
Tpd52,Sdf2l1,Gclc,H3f3b
Traf3ip2,Sdhb,Gdap10,H6pd
Trat1,Sec11c,Gdi2,Haus3
Treml2,Sec23b,Gdpd1,Havcr2
Trib1,Sec24d,Gdpd5,Hccs
Trim12a,Sema4a,Gemin4,Hcls1
Trim25,Sema4d,Gemin8,Hcst
Trim34a,Sephs2,Gfer,Hdac4
Trmt1,Sepn1,Ggt1,Hdac7
Trp53inp1,Sept11,Gins1,Hdhd3
Trpm1,Sept4,Gins2,Heca
Tspan32,Sept9,Gipc2,Helz
Ttn,Serinc1,Gldc,Hemk1
Txnip,Serinc3,Glipr2,Herc1
Ubac2,Serpina3f,Glis2,Hes6
Ube2h,Serpinb6a,Glo1,Heyl
Ubr2,Serpinb6b,Gls,Hgfac
Unc93b1,Serpinb9,Glt28d2,Hic1
Usp11,Serpinb9b,Glud1,Hif1an
Usp3,Serpine2,Gm10560,Hilpda
Utp14a,Setbp1,Gm11974,Hip1
Utrn,Sh2d2a,Gm15421,Hip1r
Vat1l,Sh2d5,Gm16894,Hira
Vcl,Sh3bgrl3,Gm17384,Hist1h1c
Vmac,Sh3bp1,Gm17745,Hist1h1e
Vps13a,Sh3glb1,Gm2a,Hist2h2be
Whsc1l1,Sin3b,Gm3258,Hist3h2ba
Wnt10a,Sipa1l1,Gm4814,Hk1
Xcl1,Sirt2,Gm4841,Hmga2-ps1
Xist,Siva1,Gm5124,Hnrnph1
Zbtb20,Skap2,Gm5506,Hpgds
Zc3h12d,Sla2,Gm5512,Hpse
Zcchc11,Slamf1,Gm5918,Hrh2
Zfc3h1,Slc13a3,Gm6251,Hsbp1
Zfp169,Slc16a10,Gm6548,Hsp90b1
Zfp187,Slc16a3,Gm6654,Hspa13
Zfp295,Slc25a10,Gm6907,Hspa1a
Zfp317,Slc25a11,Gm9320,Hsph1
Zfp36,Slc27a1,Gna14,Htra3
Zfp362,Slc2a1,Gnat1,Hyal1
Zfp36l1,Slc2a3,Gnb2l1,Ica1
Zfp36l2,Slc30a4,Gnl1,Icam1
Zfp467,Slc35b1,Gnl3,Id2
Zfp60,Slc35d2,Golgb1,Ide
Zfp62,Slc35d3,Gorasp2,Idh3a
Zfp827,Slc37a2,Gpatch4,Ier5l
Zfp831,Slc39a6,Gpi1,Ifi47
Zfpm1,Slc48a1,Gpm6b,Ifng
Zhx2,Slc52a3,Gpr15,Ifngr1
,Slmo2,Gpr155,Ifngr2
,Smc2,Gpr160,Ikzf1
,Smc5,Gpr18,Ikzf3
,Smc6,Gpr183,Il10
,Smpd1,Gpr3,Il10ra
,Smpd4,Gpr34,Il12rb1
,Smpdl3b,Gprin3,Il15ra
,Smtn,Gpsm2,Il20ra
,Smu1,Gpx1,Il21r
,Snx10,Gramd3,Il2rb
,Snx9,Gramd4,Ildr1
,Spag5,Grap,Ilvbl
,Spats2,Grcc10,Inpp4a
,Spc24,Grip2,Inpp5d
,Spc25,Grn,Inpp5e
,Spcs3,Grsf1,Insc
,Specc1,Grtp1,Insrr
,Spg21,Grwd1,Ipo9
,Spp1,Gspt1,Irak2
,Spsb2,Gspt2,Ireb2
,Srgap3,Gsta4,Irf1
,Srgn,Gstk1,Irf2
,Srp14,Gstm1,Irf8
,Srxn1,Gstt2,Itga1
,St14,Gstt3,Itgad
,St3gal6,Gtf2e1,Itgal
,Stard3nl,Gtf2h3,Itgam
,Stat3,Gtf2h4,Itgav
,Stk39,Gtpbp8,Itgax
,Stt3a,Gucy1a3,Itgb2
,Stx12,Gypc,Itih5
,Stx7,Gys1,Itk
,Styk1,Gzmm,Itm2b
,Sub1,H1f0,Itpk1
,Suox,H2-Ke6,Itpkb
,Surf4,H2-Oa,Itpr3
,Sv2c,H2-Ob,Itpripl2
,Synpo2,H2-Q10,Izumo4
,Sytl1,H2-Q2,Jup
,Sytl2,H2afx,Kbtbd3
,Tacc3,H2afz,Kcna3
,Tap2,Hagh,Kcnj8
,Tbcb,Hapln1,Kcnk5
,Tbk1,Haus1,Kcnk6
,Tceb1,Hcn3,Kcnk7
,Tfcp2l1,Hdac10,Kctd11
,Tgfbr2,Hdac2,Kdm4a
,Themis,Hddc2,Kdm4c
,Thy1,Hdgfrp3,Khnyn
,Timm17a,Heatr1,Kif18a
,Tinf2,Heatr3,Kif19a
,Tipin,Heatr5a,Kif3c
,Tjp3,Heg1,Klf10
,Tk1,Herc6,Klf6
,Tmbim4,Hgsnat,Klhl18
,Tmcc3,Hibadh,Klhl25
,Tmed2,Hibch,Klk8
,Tmem120a,Hif1a,Klra17
,Tmem135,Hint1,Klra3
,Tmem159,Hipk1,Klra7
,Tmem163,Hist1h2ac,Klra9
,Tmem30a,Hist1h3g,Klrb1c
,Tmprss6,Hivep3,Klrc1
,Tmsb4x,Hk2,Klrd1
,Tmtc4,Hk3,Klre1
,Tmx1,Hmgb3,Klrg1
,Tnfrsf9,Hmgn1,Kremen2
,Tnk2,Hmgn3,Krr1
,Top2a,Hmmr,L3mbtl3
,Tpi1,Hn1l,Lag3
,Tpm3,Hnrnpk,Lamb3
,Tpm4,Homez,Lamc1
,Trim36,Hps1,Laptm5
,Trp53i11,Hsd17b11,Lasp1
,Tsga10,Hsd3b7,Lass4
,Tst,Hsdl1,Lat
,Tuba1a,Hsp90ab1,Lat2
,Tuba1b,Hspa9,Lats2
,Tuba1c,Hspbp1,Lax1
,Tuba4a,Hspe1,Lcp1
,Tubb4b,Htra2,Lcp2
,Tubb5,Hvcn1,Leng1
,Tubb6,Hyal2,Leng8
,Tubg1,I830012O16Rik,Leprot
,Tubgcp2,Icam2,Leprotl1
,Twsg1,Icos,Letm1
,Txk,Id3,Lgi4
,Txn1,Idh2,Lig4
,Txnrd1,Idh3g,Lilrb4
,Tyk2,Ier5,Lim2
,Uba3,Ifi203,Lime1
,Ubash3b,Ifi204,Limk1
,Ubxn8,Ifi27l2a,Lin54
,Uchl4,Ifi44,Litaf
,Ugcg,Ifit1,Llgl2
,Ugp2,Ifit3,Lman2
,Ulbp1,Ifnar2,Lnp
,Unc119,Ifrd1,Lonp2
,Unc13b,Ifrd2,Lpar6
,Upf1,Ift172,Lphn1
,Upp1,Igf1r,Lpin1
,Vamp3,Igf2r,Lrfn4
,Vamp8,Igfals,Lrg1
,Vash1,Iigp1,Lrp10
,Vasp,Ikbke,Lrrc27
,Vim,Ikzf2,Lrrc32
,Vipr2,Il10rb,Lrrc8c
,Vmp1,Il17ra,Lrrc9
,Vps37c,Il18,Lrrfip2
,Wdr1,Il18r1,Lrrk1
,Wdr95,Il1r2,Lrrn4
,Wnt10b,Il21,Ly6g5b
,Wscd2,Il2rg,Ly75
,Xbp1,Il6ra,Ly86
,Xcr1,Il7r,Lyn
,Yaf2,Immp2l,Lypla2
,Ywhah,Impa2,Lyst
,Zbtb32,Impdh2,Lzts1
,Zbtb38,Inadl,Maf
,Zbtb42,Inf2,Maf1
,Zcrb1,Inpp4b,Malat1
,Zfp652,Insr,Malt1
,,Ints2,Man1a2
,,Ipmk,Man1b1
,,Ipo11,Map1lc3b
,,Ipo4,Map2k2
,,Iqcc,Map2k3
,,Irak1bp1,Map4k1
,,Irf2bp2,Mapkapk3
,,Irf3,March1
,,Irf5,Mark2
,,Irf6,Mast3
,,Irf7,Matk
,,Irf9,Mbnl1
,,Irgm1,Mcart6
,,Irs2,Mcl1
,,Isoc1,Mdm4
,,Isoc2b,Med1
,,Ispd,Med12l
,,Isyna1,Med13l
,,Itfg3,Med14
,,Itga3,Med30
,,Itga7,Med7
,,Itgb1,Mef2a
,,Itgb4,Metrnl
,,Itsn1,Mettl7a1
,,Jagn1,Mfap1a
,,Jak1,Mfsd10
,,Jam3,Mgat4a
,,Jarid2,Mgat4b
,,Jtb,Miat
,,Jun,Mical1
,,Junb,Mical2
,,Kank3,Micall1
,,Kat2a,Miip
,,Kat5,Mll5
,,Katnb1,Mlx
,,Kbtbd11,Mlycd
,,Kbtbd4,Mmd
,,Kbtbd8,Mmgt2
,,Kcnc1,Mmp11
,,Kcnip3,Mmp28
,,Kcnn4,Mob3a
,,Kcnq1ot1,Mocos
,,Kcnq5,Mogs
,,Kctd10,Mprip
,,Kdelc1,Mrc2
,,Kdelc2,Mrgpre
,,Kdm6b,Mrpl4
,,Kif1b,Mta3
,,Kifc3,Mtmr1
,,Kit,Mtor
,,Klc1,Mvd
,,Klf2,Mxd1
,,Klf4,Mxd4
,,Klhdc2,Myh6
,,Klhl6,Myl4
,,Klhl7,Myl6
,,Klrk1,Myo18a
,,Krt10,Myo1f
,,Ksr1,Myo6
,,Kti12,Myo9b
,,Lad1,Myst3
,,Lamp1,N4bp2l1
,,Lancl2,N4bp3
,,Lancl3,Nab2
,,Lap3,Nacc1
,,Ldha,Naip2
,,Ldlrap1,Naip5
,,Ldoc1l,Napg
,,Lef1,Napsa
,,Leo1,Nat15
,,Letmd1,Nbeal2
,,Lhpp,Ncald
,,Lif,Ncf1
,,Limd2,Ndfip1
,,Lmbr1,Ndfip2
,,Lmf1,Ndufa13
,,Lmf2,Ndufb8
,,Lmna,Neb
,,Lmnb1,Nedd4
,,Lpcat3,Nedd9
,,Lpxn,Nfatc1
,,Lrig1,Nfatc3
,,Lrp12,Nfe2l1
,,Lrr1,Nfil3
,,Lrrc14,Nfkbie
,,Lrrc29,Nfxl1
,,Lrrc41,Nfyb
,,Lrrc49,Nhlrc2
,,Lrrc59,Nhsl2
,,Lrrc8d,Nipa2
,,Lrrk2,Nipal3
,,Lsm4,Nipsnap3b
,,Lsm6,Nkg7
,,Lsr,Nktr
,,Lta,Nmb
,,Ltb,Nod1
,,Ltv1,Notch1
,,Luzp1,Notch2
,,Ly6a,Npc2
,,Ly6c1,Nr1d2
,,Ly6c2,Nr4a2
,,Ly6e,Nrd1
,,Ly9,Nrp2
,,Ly96,Nsmaf
,,Lysmd2,Ntan1
,,Macf1,Nuak2
,,Mafb,Nucb1
,,Maged1,Nudt17
,,Magoh,Nudt18
,,Man1c1,Nup50
,,Man2c1,Oaz2
,,Map3k8,Obfc1
,,Map4k4,Obfc2a
,,Mapk11,Ociad2
,,Mapk14,Oit3
,,Mapk8,Olfr99
,,Mapt,Oprl1
,,Marcksl1,Optn
,,Mars,Oraov1
,,Mast4,Ormdl3
,,Maz,Os9
,,Mbd3,Osbpl2
,,Mbnl3,Osbpl3
,,Mboat1,Osgin1
,,Mbp,Ostm1
,,Mcart1,Otud5
,,Mcm3,P2ry6
,,Mcm5,Pacs1
,,Mcm6,Padi2
,,Mcm7,Pak2
,,Mcph1,Pak4
,,Mdn1,Papolg
,,Mecr,Parp10
,,Med24,Parp16
,,Med8,Patl2
,,Melk,Patz1
,,Mesdc2,Pbrm1
,,Metap1d,Pcif1
,,Mettl1,Pcmt1
,,Mettl10,Pcsk7
,,Mettl13,Pcyt1a
,,Mettl14,Pdcd1
,,Mettl16,Pdcd6ip
,,Mfhas1,Pde1b
,,Mfsd2a,Pde3b
,,Mfsd3,Pde4a
,,Mgat3,Pde4b
,,Mgat5,Pde4d
,,Mgmt,Pde7a
,,Mgrn1,Pdgfb
,,Mgst2,Pdia3
,,Mid1,Pdlim7
,,Mif,Pdxdc1
,,Mif4gd,Pelo
,,Mir682,Per3
,,Mki67ip,Perp
,,Mks1,Pex7
,,Mmab,Pggt1b
,,Mmachc,Pglyrp2
,,Mmp10,Pgm2l1
,,Mnat1,Phf1
,,Mnda,Phf12
,,Mndal,Phf20l1
,,Morn1,Phf8
,,Morn4,Phlda3
,,Mosc2,Pias1
,,Mpdu1,Pigc
,,Mpg,Pigs
,,Mphosph10,Pigv
,,Mrm1,Pik3ap1
,,Mrpl12,Pik3c2a
,,Mrpl17,Pik3cd
,,Mrpl3,Pik3cg
,,Mrpl34,Pik3r1
,,Mrpl44,Pink1
,,Mrpl45,Pion
,,Mrpl52,Pip5k1a
,,Mrpl54,Pip5k1b
,,Mrps17,Pitpnc1
,,Mrps18a,Pitpnm2
,,Mrps18b,Pkn1
,,Mrps27,Pkn2
,,Mrps28,Pla2g15
,,Mrps35,Pla2g16
,,Mrps6,Plac8
,,Mrto4,Plbd1
,,Ms4a4b,Plcg1
,,Ms4a4c,Plcl2
,,Ms4a6b,Plcxd1
,,Msrb2,Pld3
,,Msto1,Pldn
,,Mtap,Plekha1
,,Mtap7,Plekha2
,,Mtap9,Plekhb2
,,Mtch1,Plekhf1
,,Mtch2,Plekhg3
,,Mtfp1,Plekhm1
,,Mthfd1,Plekhm3
,,Mtmr7,Plekho2
,,Mtrf1,Plin2
,,Mtss1,Plk3
,,Mtx1,Plk4
,,Mtx2,Plxdc1
,,Muc5b,Pmaip1
,,Mx2,Pnrc2
,,Mxd3,Pofut2
,,Myb,Pon3
,,Mybbp1a,Pop4
,,Myc,Ppcdc
,,Myo10,Ppic
,,Myo1h,Ppm1b
,,Myo5a,Ppm1d
,,Myst1,Ppm1h
,,Naa25,Ppm1j
,,Naa50,Ppm1n
,,Nab1,Ppp1r16b
,,Nampt,Ppp1r18
,,Narf,Ppp1r3b
,,Narg2,Ppp2r2c
,,Nars,Ppp3ca
,,Nbn,Ppp3cc
,,Ncaph,Ppp3r1
,,Ncf4,Ppt1
,,Ncoa7,Pqlc3
,,Ncor2,Prc1
,,Ndrg2,Prdm1
,,Ndufa9,Prdx5
,,Ndufc2,Prex1
,,Ndufv2,Prf1
,,Nebl,Prkacb
,,Nefh,Prkar1a
,,Neil1,Prkcd
,,Nek11,Prkch
,,Nek2,Prkx
,,Nek7,Prmt2
,,Nenf,Prosc
,,Neurl1b,Prpf4b
,,Nfkb1,Prr5
,,Nfkb2,Prr5l
,,Nfkbia,Prrt1
,,Nfkbiz,Psd4
,,Nhej1,Pskh1
,,Nhp2,Psmb10
,,Nif3l1,Psmb8
,,Ninj1,Psmc3ip
,,Nip7,Psmd9
,,Nipsnap1,Psme2
,,Nisch,Pstpip1
,,Nit2,Ptger4
,,Nle1,Ptk2b
,,Nme1,Ptp4a3
,,Nme2,Ptpn18
,,Nme3,Ptpn22
,,Nme4,Ptpn4
,,Nme7,Ptpn9
,,Nmral1,Ptprcap
,,Noa1,Pttg1
,,Nob1,Purb
,,Noc4l,Pwwp2b
,,Nol11,Pxk
,,Nolc1,Pxn
,,Nono,Pygl
,,Nop10,Qser1
,,Nop16,Qsox1
,,Nop2,Rab11fip4
,,Nop56,Rab19
,,Nop58,Rab28
,,Npm1,Rab3il1
,,Nprl3,Rab8b
,,Nr2c1,Rac3
,,Nr3c2,Rad54l2
,,Nr4a1,Rai14
,,Nr4a3,Ralbp1
,,Nrn1,Ralgapa2
,,Nrp1,Ralgapb
,,Nsf,Ranbp17
,,Nsg2,Rap1b
,,Nsmce1,Rapsn
,,Nsun2,Rasd2
,,Nsun5,Rasgrp1
,,Nt5c,Rasl11b
,,Nt5e,Rassf1
,,Ntrk3,Rb1cc1
,,Nudt16l1,Rbl2
,,Nudt2,Rbm18
,,Nudt6,Rbm28
,,Nufip1,Rbm38
,,Nup205,Rbm41
,,Nup93,Rbm42
,,Nupl2,Rbms1
,,Nxn,Rbpj
,,Nxnl1,Rcan3
,,Oaf,Rcn1
,,Oas3,Rcor3
,,Oasl1,Rdh10
,,Oasl2,Reps1
,,Odc1,Ret
,,Ogfr,Rftn1
,,Orai1,Rgs1
,,Orai2,Rgs3
,,Ostc,Rhoc
,,Otx1,Rhof
,,Oxct1,Rhoq
,,P2rx4,Ric8
,,P2rx7,Rin1
,,P4ha1,Ripply3
,,P4htm,Rmnd5b
,,Pafah1b3,Rnaseh2c
,,Pafah2,Rnasek
,,Paics,Rnasel
,,Paip2b,Rnaset2b
,,Pak1ip1,Rnf113a2
,,Palld,Rnf130
,,Papd7,Rnf14
,,Papss2,Rnf146
,,Paqr4,Rnf149
,,Paqr7,Rnf166
,,Paqr8,Rnf167
,,Pard6g,Rnf181
,,Park7,Rnf215
,,Parn,Rnf4
,,Parp1,Rnf44
,,Parp3,Rod1
,,Parp8,Rorc
,,Pcbp1,Rpa2
,,Pcca,Rps13
,,Pcdh15,Rps6ka1
,,Pcdhga4,Rps6ka4
,,Pcdhga7,Rraga
,,Pcsk1,Rras2
,,Pctp,Rsbn1
,,Pcyox1,Rtn4rl1
,,Pdcd1lg2,Rundc3b
,,Pddc1,Runx1
,,Pde2a,Runx3
,,Pdgfra,Ryr1
,,Pdha1,S1pr2
,,Pdk1,S1pr5
,,Pdk2,Samd10
,,Pdlim1,Samsn1
,,Pebp1,Sash3
,,Pecam1,Scai
,,Pemt,Scrib
,,Penk,Sdc2
,,Peo1,Sdf2
,,Pfas,Sec11c
,,Pfkp,Sec14l1
,,Pfn2,Sec24d
,,Pgam1,Selk
,,Pgcp,Selplg
,,Phb2,Sema4a
,,Phc1,Sema4d
,,Phf19,Sema7a
,,Phf23,Senp5
,,Phlpp1,Sephs2
,,Phpt1,Sepn1
,,Pias2,Sept11
,,Pif1,Sept4
,,Pik3ca,Sept9
,,Pik3ip1,Serinc1
,,Pik3r2,Serinc3
,,Pikfyve,Serpina3f
,,Pim2,Serpina3g
,,Pisd,Serpinb1a
,,Pitrm1,Serpinb6b
,,Pkdcc,Serpinb9
,,Pkp4,Serpini1
,,Plagl1,Sertad2
,,Plcl1,Sertad3
,,Pld4,Sesn1
,,Plin3,Sesn2
,,Plk2,Setbp1
,,Plrg1,Sfmbt1
,,Plscr1,Sfpi1
,,Plscr4,Sfrs18
,,Plxdc2,Sh2d2a
,,Plxnc1,Sh2d3c
,,Pml,Sh3bp2
,,Pno1,Sh3gl1
,,Pnpla3,Sh3glb1
,,Pnpo,Sh3tc1
,,Poglut1,Sh3yl1
,,Pold2,Shprh
,,Polg2,Sipa1
,,Polm,Sipa1l1
,,Polr1a,Sirt2
,,Polr1b,Sla2
,,Polr1c,Slamf1
,,Polr2e,Slc16a10
,,Polr2f,Slc16a3
,,Polr3h,Slc16a6
,,Popdc2,Slc20a1
,,Pou2af1,Slc23a2
,,Pou2f2,Slc25a10
,,Pou6f1,Slc25a16
,,Ppa1,Slc25a24
,,Ppan,Slc25a25
,,Ppapdc1b,Slc25a35
,,Ppat,Slc25a37
,,Ppie,Slc25a44
,,Ppm1f,Slc26a9
,,Ppp1r15a,Slc28a2
,,Ppp1r16a,Slc29a4
,,Ppp2r3a,Slc2a3
,,Ppp2r5d,Slc2a8
,,Pprc1,Slc33a1
,,Pptc7,Slc35c2
,,Pqlc1,Slc35d2
,,Prdm5,Slc35e1
,,Prdx2,Slc36a1
,,Prdx3,Slc37a2
,,Prdx4,Slc38a10
,,Prelid1,Slc38a9
,,Prep,Slc39a13
,,Prickle1,Slc39a6
,,Prim2,Slc39a9
,,Prkab2,Slc3a2
,,Prkag2,Slc46a3
,,Prkcb,Slc4a8
,,Prkcq,Slc52a3
,,Prkcsh,Slc6a13
,,Prkrir,Slc9a1
,,Prmt3,Slc9a3r1
,,Prmt5,Slfn10-ps
,,Prpf19,Slk
,,Prps1,Smad3
,,Prps2,Smc5
,,Prpsap1,Smc6
,,Prrc2c,Smg6
,,Prune2,Smg7
,,Psat1,Smndc1
,,Psen2,Smpd1
,,Psma1,Smtn
,,Psma6,Snai3
,,Psmb2,Snx18
,,Psmb6,Snx3
,,Psmb9,Snx9
,,Psmd3,Soat1
,,Psmd6,Soat2
,,Psmd7,Socs7
,,Psmg1,Sorl1
,,Ptar1,Sos1
,,Ptbp1,Sp4
,,Pter,Spata21
,,Ptger2,Spats2
,,Ptgfrn,Spef1
,,Ptp4a2,Spg20
,,Ptplad1,Spib
,,Ptpn11,Spon1
,,Ptpn6,Spsb3
,,Ptprk,Srbd1
,,Ptprs,Srgap2
,,Pts,Srgap3
,,Pus1,Srl
,,Pus7,Srp14
,,Pusl1,Srpk3
,,Pwp1,Srsf5
,,Pwp2,Srxn1
,,Pxmp3,St14
,,Pygb,St3gal3
,,Pyhin1,Stag1
,,Qtrt1,Stard3nl
,,Qtrtd1,Stau1
,,Rab12,Stk11
,,Rab23,Stk17b
,,Rab31,Stk32c
,,Rab32,Stk39
,,Rabl2,Stk40
,,Rad51l1,Strn4
,,Raf1,Stx7
,,Ralb,Stxbp2
,,Ramp3,Stxbp5
,,Ranbp10,Styk1
,,Rangrf,Sub1
,,Rapgef4,Suox
,,Rapgef5,Surf1
,,Raph1,Susd1
,,Rarg,Susd3
,,Rars,Suv420h1
,,Rasa3,Sv2c
,,Rbbp7,Syap1
,,Rbck1,Sycp1-ps1
,,Rbfa,Syde1
,,Rbm43,Syk
,,Rbmxl1,Syna
,,Rcbtb1,Syne2
,,Rcc1,Sytl1
,,Rcc2,Sytl2
,,Rccd1,Sytl3
,,Rcl1,Tab3
,,Rcn3,Tacc2
,,Reck,Taf2
,,Reep4,Taf7
,,Rel,Taok3
,,Rere,Tap1
,,Rexo2,Tap2
,,Rfc1,Tapbpl
,,Rfc5,Tbc1d10c
,,Rfx1,Tbc1d20
,,Rgs10,Tbc1d22a
,,Rgs11,Tbc1d24
,,Rgs12,Tbc1d9b
,,Rhbdd2,Tbl2
,,Rhob,Tbpl1
,,Rilpl2,Tbx21
,,Ripk2,Tbx6
,,Rn45s,Tceal8
,,Rnf138,Tcirg1
,,Rnf145,Tef
,,Rnf157,Terf1
,,Rnf19a,Tes
,,Rnf32,Tesk2
,,Rnf43,Tfip11
,,Rnmtl1,Tg
,,Rnpep,Tgoln1
,,Rnpepl1,Themis
,,Ropn1l,Thrb
,,Rpgr,Tiam2
,,Rpl10a,Tifab
,,Rpl12,Tigd2
,,Rpl13,Tigit
,,Rpl13a,Tinf2
,,Rpl14,Tktl1
,,Rpl18,Tmc8
,,Rpl18a,Tmcc3
,,Rpl21,Tmco3
,,Rpl22,Tmco4
,,Rpl23,Tmed8
,,Rpl27a,Tmem115
,,Rpl29,Tmem127
,,Rpl3,Tmem135
,,Rpl31,Tmem140
,,Rpl32,Tmem160
,,Rpl35,Tmem163
,,Rpl36al,Tmem167b
,,Rpl37a,Tmem191c
,,Rpl39,Tmem208
,,Rpl4,Tmem229b
,,Rpl41,Tmem30a
,,Rpl6,Tmem37
,,Rpl7,Tmem38b
,,Rpl7a,Tmem9b
,,Rpl7l1,Tmprss13
,,Rpl8,Tmprss6
,,Rplp0,Tmsb4x
,,Rplp1,Tmtc4
,,Rplp2,Tnfrsf1a
,,Rpn1,Tnfrsf1b
,,Rpp14,Tnfrsf9
,,Rpp38,Tnfsf10
,,Rprd1b,Tnk2
,,Rps10,Tnrc18
,,Rps11,Tox2
,,Rps12,Tpp2
,,Rps14,Tprn
,,Rps15,Tpst2
,,Rps18,Traf6
,,Rps19,Tram1
,,Rps19-ps3,Trex1
,,Rps2,Trf
,,Rps20,Triap1
,,Rps21,Trim28
,,Rps24,Trim36
,,Rps25,Trim37
,,Rps26,Trim56
,,Rps3,Trim62
,,Rps3a,Trip11
,,Rps4x,Trip4
,,Rps5,Trp53i11
,,Rps7,Trp53i13
,,Rps8,Trp53inp2
,,Rps9,Trpc1
,,Rpsa,Trps1
,,Rpusd2,Trpt1
,,Rreb1,Tsc22d4
,,Rrp12,Tsga10
,,Rrp15,Tshz1
,,Rrp9,Tspyl1
,,Rrs1,Tspyl3
,,Rsad1,Ttc16
,,Rsad2,Ttc30a1
,,Rsl24d1,Ttc7
,,Rsu1,Ttyh2
,,Rtcd1,Tuba1c
,,Rtn3,Tubgcp2
,,Ruvbl2,Txk
,,Rwdd3,Txndc16
,,Rwdd4a,Txnrd1
,,S100a10,Tyk2
,,S1pr1,Tyrobp
,,Sall2,Uap1l1
,,Samd3,Ubash3a
,,Samd4b,Ubash3b
,,Samm50,Ubc
,,Sars,Ube2b
,,Satb1,Ube2h
,,Sbf2,Ube4a
,,Sbk1,Ubl5
,,Sc5d,Ubn1
,,Scamp1,Ubn2
,,Scamp4,Ubxn2a
,,Scap,Ubxn4
,,Scaper,Ubxn8
,,Scarb1,Ucp2
,,Sccpdh,Ugcg
,,Scd2,Ulbp1
,,Scin,Ulk1
,,Scmh1,Ulk2
,,Scml4,Ulk3
,,Sco1,Unc119
,,Scpep1,Unkl
,,Sdc3,Usf1
,,Sdhb,Usp16
,,Sdhd,Usp20
,,Sec61a2,Vamp2
,,Sell,Vamp3
,,Sema4b,Vamp5
,,Sepp1,Vamp8
,,Serbp1,Vash1
,,Serp1,Vasp
,,Serpina9,Vezf1
,,Serpinc1,Vhl
,,Serpind1,Vill
,,Set,Vmp1
,,Setd4,Vopp1
,,Setx,Vps37a
,,Sf3b3,Vps37b
,,Sfmbt2,Vps37c
,,Sft2d2,Vps54
,,Sfxn1,Vps8
,,Sgms1,Vti1b
,,Sgpp2,Wbp1
,,Sgsh,Wbp2
,,Sh2b3,Wdr31
,,Sh2d1a,Wdr44
,,Sh3bp4,Wdr6
,,Sh3bp5,Wdr81
,,Sh3kbp1,Wdr95
,,Shank1,Wnk1
,,Shcbp1,Xcr1
,,Shisa5,Xpa
,,Shmt1,Yaf2
,,Shmt2,Ypel2
,,Siah1b,Ypel5
,,Sidt1,Zap70
,,Sigirr,Zbtb24
,,Sigmar1,Zbtb38
,,Sik3,Zbtb41
,,Sil1,Zbtb42
,,Sip1,Zbtb49
,,Sit1,Zbtb7a
,,Skap1,Zbtb8a
,,Skp1a,Zc3h13
,,Slain1,Zc3h18
,,Slamf6,Zc3h7a
,,Slc11a2,Zcchc6
,,Slc12a2,Zdhhc18
,,Slc12a8,Zdhhc5
,,Slc15a3,Zeb2
,,Slc16a1,Zfp120
,,Slc16a13,Zfp142
,,Slc16a5,Zfp182
,,Slc17a9,Zfp212
,,Slc19a1,Zfp239
,,Slc22a13b,Zfp251
,,Slc22a17,Zfp263
,,Slc25a13,Zfp287
,,Slc25a17,Zfp382
,,Slc25a19,Zfp395
,,Slc25a26,Zfp397
,,Slc25a3,Zfp418
,,Slc25a32,Zfp420
,,Slc25a4,Zfp446
,,Slc25a42,Zfp512
,,Slc26a11,Zfp619
,,Slc26a2,Zfp652
,,Slc27a1,Zfp677
,,Slc2a1,Zfp68
,,Slc2a6,Zfp688
,,Slc2a9,Zfp715
,,Slc35f2,Zfp738
,,Slc35f5,Zfp740
,,Slc36a3,Zfp763
,,Slc38a1,Zfp790
,,Slc39a11,Zfp809
,,Slc39a14,Zfp821
,,Slc39a8,Zfp830
,,Slc43a1,Zfp870
,,Slc43a3,Zfp871
,,Slc5a3,Zfp93
,,Slc6a6,Zfp954
,,Slc7a1,Zfp958
,,Slc7a5,Zfp961
,,Slc7a6,Zfpl1
,,Slc7a7,Zfyve27
,,Slc9a7,Zfyve28
,,Slco3a1,Zhx3
,,Slco5a1,Zkscan14
,,Slfn1,Zmpste24
,,Slfn2,Zmynd10
,,Slfn5,Zmynd11
,,Slfn8,Zmynd8
,,Slfn9,Zrsr2
,,Smad1,Zscan21
,,Smap1,Zyx
,,Smarcb1,Smarcb1
,,Smc1a,Smc1a
,,Smyd2,Smyd2
,,Smyd5,Smyd5
,,Snapc4,Snapc4
,,Snhg1,Snhg1
,,Snhg4,Snhg4
,,Snora65,Snora65
,,Snrnp200,Snrnp200
,,Snrnp25,Snrnp25
,,Snrpd3,Snrpd3
,,Sntb1,Sntb1
,,Snx30,Snx30
,,Snx5,Snx5
,,Socs1,Socs1
,,Socs3,Socs3
,,Sostdc1,Sostdc1
,,Sowahc,Sowahc
,,Spag5,Spag5
,,Spata2,Spata2
,,Spata6,Spata6
,,Spc24,Spc24
,,Spef2,Spef2
,,Spice1,Spice1
,,Spin4,Spin4
,,Spint1,Spint1
,,Spint2,Spint2
,,Spnb2,Spnb2
,,Spock2,Spock2
,,Spr,Spr
,,Spry1,Spry1
,,Spry2,Spry2
,,Spry4,Spry4
,,Sqrdl,Sqrdl
,,Srek1,Srek1
,,Srfbp1,Srfbp1
,,Srm,Srm
,,Srpk1,Srpk1
,,Srpk2,Srpk2
,,Srsf4,Srsf4
,,Srsf6,Srsf6
,,Ssbp2,Ssbp2
,,Ssh1,Ssh1
,,Ssh2,Ssh2
,,Ssr3,Ssr3
,,Sssca1,Sssca1
,,St13,St13
,,St6gal1,St6gal1
,,Stap1,Stap1
,,Stat2,Stat2
,,Stat4,Stat4
,,Stat5a,Stat5a
,,Stat5b,Stat5b
,,Stk38,Stk38
,,Stk4,Stk4
,,Stmn1,Stmn1
,,Stom,Stom
,,Stoml1,Stoml1
,,Strap,Strap
,,Strbp,Strbp
,,Stt3a,Stt3a
,,Stx19,Stx19
,,Suclg1,Suclg1
,,Suclg2,Suclg2
,,Sumf2,Sumf2
,,Sumo3,Sumo3
,,Supt3h,Supt3h
,,Supv3l1,Supv3l1
,,Suv39h1,Suv39h1
,,Swi5,Swi5
,,Synj2,Synj2
,,Synpo,Synpo
,,Tada2a,Tada2a
,,Taf1d,Taf1d
,,Taf4b,Taf4b
,,Taf6,Taf6
,,Taf6l,Taf6l
,,Tagap,Tagap
,,Tagln2,Tagln2
,,Tanc1,Tanc1
,,Tanc2,Tanc2
,,Tapt1,Tapt1
,,Tars,Tars
,,Tbc1d1,Tbc1d1
,,Tbc1d10a,Tbc1d10a
,,Tbc1d15,Tbc1d15
,,Tbc1d19,Tbc1d19
,,Tbc1d4,Tbc1d4
,,Tbl1x,Tbl1x
,,Tbrg4,Tbrg4
,,Tbxa2r,Tbxa2r
,,Tcerg1,Tcerg1
,,Tcf12,Tcf12
,,Tcf4,Tcf4
,,Tcf7,Tcf7
,,Tcof1,Tcof1
,,Tcp1,Tcp1
,,Tctn2,Tctn2
,,Tecta,Tecta
,,Tespa1,Tespa1
,,Tex10,Tex10
,,Tfb1m,Tfb1m
,,Tfdp1,Tfdp1
,,Tfe3,Tfe3
,,Tfrc,Tfrc
,,Tgfbr3,Tgfbr3
,,Tgif1,Tgif1
,,Tgif2,Tgif2
,,Tgtp1,Tgtp1
,,Tgtp2,Tgtp2
,,Tha1,Tha1
,,Thada,Thada
,,Thap3,Thap3
,,Thg1l,Thg1l
,,Thoc3,Thoc3
,,Thoc5,Thoc5
,,Thoc6,Thoc6
,,Thop1,Thop1
,,Thrap3,Thrap3
,,Tiam1,Tiam1
,,Timeless,Timeless
,,Timm44,Timm44
,,Tjp2,Tjp2
,,Tkt,Tkt
,,Tlcd2,Tlcd2
,,Tle3,Tle3
,,Tlk1,Tlk1
,,Tlr1,Tlr1
,,Tlr7,Tlr7
,,Tmed3,Tmed3
,,Tmem110,Tmem110
,,Tmem134,Tmem134
,,Tmem138,Tmem138
,,Tmem141,Tmem141
,,Tmem147,Tmem147
,,Tmem149,Tmem149
,,Tmem154,Tmem154
,,Tmem180,Tmem180
,,Tmem19,Tmem19
,,Tmem194,Tmem194
,,Tmem198b,Tmem198b
,,Tmem201,Tmem201
,,Tmem48,Tmem48
,,Tmem65,Tmem65
,,Tmem67,Tmem67
,,Tmem70,Tmem70
,,Tmod2,Tmod2
,,Tmpo,Tmpo
,,Tmsb10,Tmsb10
,,Tnc,Tnc
,,Tnf,Tnf
,,Tnfaip1,Tnfaip1
,,Tnfaip8,Tnfaip8
,,Tnfaip8l1,Tnfaip8l1
,,Tnfaip8l2,Tnfaip8l2
,,Tnfrsf13b,Tnfrsf13b
,,Tnfrsf13c,Tnfrsf13c
,,Tnfrsf22,Tnfrsf22
,,Tnfrsf25,Tnfrsf25
,,Tnfrsf26,Tnfrsf26
,,Tnfrsf4,Tnfrsf4
,,Tnfrsf8,Tnfrsf8
,,Tnfsf11,Tnfsf11
,,Tnfsf14,Tnfsf14
,,Tnfsf4,Tnfsf4
,,Tnfsf8,Tnfsf8
,,Tnfsf9,Tnfsf9
,,Tnip1,Tnip1
,,Tnip2,Tnip2
,,Tnp2,Tnp2
,,Tnpo1,Tnpo1
,,Tnpo3,Tnpo3
,,Tns1,Tns1
,,Tob1,Tob1
,,Top1mt,Top1mt
,,Tor1aip2,Tor1aip2
,,Tor3a,Tor3a
,,Tpd52,Tpd52
,,Tpi1,Tpi1
,,Tpm4,Tpm4
,,Tpx2,Tpx2
,,Tra2a,Tra2a
,,Traf1,Traf1
,,Traip,Traip
,,Trappc6a,Trappc6a
,,Treml2,Treml2
,,Trim24,Trim24
,,Trim25,Trim25
,,Trim30a,Trim30a
,,Trim34a,Trim34a
,,Trim35,Trim35
,,Trim45,Trim45
,,Trim47,Trim47
,,Trim59,Trim59
,,Trip10,Trip10
,,Trmt1,Trmt1
,,Trmt61a,Trmt61a
,,Trp53,Trp53
,,Trp73,Trp73
,,Trpm2,Trpm2
,,Trub1,Trub1
,,Tsc22d1,Tsc22d1
,,Tspan3,Tspan3
,,Tspan31,Tspan31
,,Tspan32,Tspan32
,,Tsr1,Tsr1
,,Tsta3,Tsta3
,,Ttbk1,Ttbk1
,,Ttc13,Ttc13
,,Ttc27,Ttc27
,,Ttc39c,Ttc39c
,,Ttll10,Ttll10
,,Ttll12,Ttll12
,,Ttll13,Ttll13
,,Ttn,Ttn
,,Tuba1b,Tuba1b
,,Tuba8,Tuba8
,,Tubb4a,Tubb4a
,,Tubb5,Tubb5
,,Tubd1,Tubd1
,,Tube1,Tube1
,,Tufm,Tufm
,,Tulp4,Tulp4
,,Twist2,Twist2
,,Txlna,Txlna
,,Txn2,Txn2
,,Txnl4a,Txnl4a
,,Txnrd3,Txnrd3
,,Tyms-ps,Tyms-ps
,,Tyw3,Tyw3
,,U2af1l4,U2af1l4
,,Ubac2,Ubac2
,,Ube2c,Ube2c
,,Ube2cbp,Ube2cbp
,,Ube2l3,Ube2l3
,,Ubl3,Ubl3
,,Ubr2,Ubr2
,,Ubr5,Ubr5
,,Ubtf,Ubtf
,,Ubxn2b,Ubxn2b
,,Uchl4,Uchl4
,,Uck2,Uck2
,,Uhrf1,Uhrf1
,,Uhrf1bp1,Uhrf1bp1
,,Uhrf1bp1l,Uhrf1bp1l
,,Umps,Umps
,,Unc93b1,Unc93b1
,,Ung,Ung
,,Uros,Uros
,,Usp10,Usp10
,,Usp18,Usp18
,,Usp28,Usp28
,,Usp33,Usp33
,,Usp45,Usp45
,,Usp6nl,Usp6nl
,,Uspl1,Uspl1
,,Utp14a,Utp14a
,,Utp20,Utp20
,,Utrn,Utrn
,,Vars,Vars
,,Vash2,Vash2
,,Vasn,Vasn
,,Vdac1,Vdac1
,,Vim,Vim
,,Vipr1,Vipr1
,,Vipr2,Vipr2
,,Vkorc1,Vkorc1
,,Vps16,Vps16
,,Vps52,Vps52
,,Vsig10,Vsig10
,,Vta1,Vta1
,,Vwa5a,Vwa5a
,,Wbscr16,Wbscr16
,,Wdfy1,Wdfy1
,,Wdr34,Wdr34
,,Wdr38,Wdr38
,,Wdr4,Wdr4
,,Wdr43,Wdr43
,,Wdr46,Wdr46
,,Wdr55,Wdr55
,,Wdr73,Wdr73
,,Wdr77,Wdr77
,,Wdr82,Wdr82
,,Wdr89,Wdr89
,,Wdsub1,Wdsub1
,,Wfikkn2,Wfikkn2
,,Wibg,Wibg
,,Wipf3,Wipf3
,,Wnt1,Wnt1
,,Wnt3,Wnt3
,,Xbp1,Xbp1
,,Xcl1,Xcl1
,,Xpnpep1,Xpnpep1
,,Xrcc3,Xrcc3
,,Xrcc6,Xrcc6
,,Xrn2,Xrn2
,,Ydjc,Ydjc
,,Yif1b,Yif1b
,,Ythdf2,Ythdf2
,,Ywhae,Ywhae
,,Zbtb20,Zbtb20
,,Zbtb32,Zbtb32
,,Zbtb46,Zbtb46
,,Zc3h12c,Zc3h12c
,,Zc3h12d,Zc3h12d
,,Zc3hc1,Zc3hc1
,,Zcwpw1,Zcwpw1
,,Zdhhc13,Zdhhc13
,,Zdhhc3,Zdhhc3
,,Zfp108,Zfp108
,,Zfp161,Zfp161
,,Zfp180,Zfp180
,,Zfp202,Zfp202
,,Zfp213,Zfp213
,,Zfp259,Zfp259
,,Zfp280d,Zfp280d
,,Zfp296,Zfp296
,,Zfp36,Zfp36
,,Zfp36l1,Zfp36l1
,,Zfp386,Zfp386
,,Zfp422,Zfp422
,,Zfp428,Zfp428
,,Zfp493,Zfp493
,,Zfp507,Zfp507
,,Zfp516,Zfp516
,,Zfp53,Zfp53
,,Zfp623,Zfp623
,,Zfp846,Zfp846
,,Zfp867,Zfp867
,,Zfp947,Zfp947
,,Zfp948,Zfp948
,,Zfpm1,Zfpm1
,,Zfyve19,Zfyve19
,,Zhx2,Zhx2
,,Zkscan5,Zkscan5
,,Zmat5,Zmat5
,,Zmiz2,Zmiz2
,,Znf512b,Znf512b
,,Zscan10,Zscan10
,,Zscan12,Zscan12
,,Zswim7,Zswim7
,,Zxdc,Zxdc
,,Zzz3,Zzz3